humidity,device,timestamp
60,sensor_1,2024-05-19 21:10:42.325374
53,sensor_1,2024-05-19 23:43:44.936303
51,sensor_1,2024-05-19 23:53:49.361849
50,sensor_1,2024-05-20 00:03:53.197217
50,sensor_1,2024-05-20 00:13:56.469599
50,sensor_1,2024-05-20 00:23:59.675545
50,sensor_1,2024-05-20 00:34:03.033711
50,sensor_1,2024-05-20 00:44:06.570173
49,sensor_1,2024-05-20 00:54:10.666757
49,sensor_1,2024-05-20 01:04:14.504670
50,sensor_1,2024-05-20 06:46:14.640520
50,sensor_1,2024-05-20 10:27:13.369641
50,sensor_1,2024-05-20 10:37:15.640656
49,sensor_1,2024-05-20 10:47:17.875067
50,sensor_1,2024-05-20 10:57:20.096069
49,sensor_1,2024-05-20 11:07:22.849864
49,sensor_1,2024-05-20 11:17:25.366940
49,sensor_1,2024-05-20 11:27:28.149491
49,sensor_1,2024-05-20 11:37:32.010523
49,sensor_1,2024-05-20 11:47:35.587126
49,sensor_1,2024-05-20 11:57:39.558627
49,sensor_1,2024-05-20 12:07:43.475503
49,sensor_1,2024-05-20 12:17:47.409390
49,sensor_1,2024-05-20 12:27:51.443375
49,sensor_1,2024-05-20 12:37:55.621504
49,sensor_1,2024-05-20 12:47:59.750801
49,sensor_1,2024-05-20 12:58:04.086572
49,sensor_1,2024-05-20 13:08:09.051027
49,sensor_1,2024-05-20 13:18:08.801517
49,sensor_1,2024-05-20 13:28:13.244421
49,sensor_1,2024-05-20 13:38:17.785772
48,sensor_1,2024-05-20 13:48:22.302927
49,sensor_1,2024-05-20 13:58:26.729541
48,sensor_1,2024-05-20 14:08:30.525628
49,sensor_1,2024-05-20 14:18:34.902709
48,sensor_1,2024-05-20 14:28:39.438157
48,sensor_1,2024-05-20 14:38:42.972665
48,sensor_1,2024-05-20 14:48:46.230930
48,sensor_1,2024-05-20 14:58:49.707002
48,sensor_1,2024-05-20 15:08:54.247888
48,sensor_1,2024-05-20 15:18:58.784371
49,sensor_1,2024-05-20 15:29:02.086697
48,sensor_1,2024-05-20 15:39:05.339376
48,sensor_1,2024-05-20 15:49:08.645061
48,sensor_1,2024-05-20 15:59:10.579242
48,sensor_1,2024-05-20 16:09:13.112478
48,sensor_1,2024-05-20 16:19:16.365306
48,sensor_1,2024-05-20 16:29:19.189442
49,sensor_1,2024-05-20 16:39:21.557733
48,sensor_1,2024-05-20 16:49:23.995101
44,sensor_1,2024-05-20 16:59:26.723462
50,sensor_1,2024-05-20 18:06:04.987002
49,sensor_1,2024-05-20 18:16:07.773896
49,sensor_1,2024-05-20 18:26:10.560438
48,sensor_1,2024-05-20 18:36:13.309921
48,sensor_1,2024-05-20 18:46:16.072647
48,sensor_1,2024-05-20 18:56:18.829277
48,sensor_1,2024-05-20 19:06:21.592920
48,sensor_1,2024-05-20 19:16:24.236188
48,sensor_1,2024-05-20 19:26:26.860242
48,sensor_1,2024-05-20 19:36:29.467983
48,sensor_1,2024-05-20 19:56:34.920446
48,sensor_1,2024-05-20 20:06:37.694567
48,sensor_1,2024-05-20 20:16:40.310763
48,sensor_1,2024-05-20 20:26:42.925457
48,sensor_1,2024-05-20 20:36:47.075220
48,sensor_1,2024-05-20 20:46:55.044818
48,sensor_1,2024-05-20 20:56:53.106884
48,sensor_1,2024-05-20 21:06:56.084254
48,sensor_1,2024-05-20 21:16:59.079140
48,sensor_1,2024-05-20 21:27:02.081687
48,sensor_1,2024-05-20 21:37:05.047674
48,sensor_1,2024-05-20 21:47:08.005930
48,sensor_1,2024-05-20 21:57:11.036207
48,sensor_1,2024-05-20 22:07:14.035970
48,sensor_1,2024-05-20 22:17:20.143815
48,sensor_1,2024-05-20 22:27:19.247806
48,sensor_1,2024-05-20 22:37:22.086734
48,sensor_1,2024-05-20 22:47:28.056126
48,sensor_1,2024-05-20 22:57:26.177363
48,sensor_1,2024-05-20 23:07:29.107070
48,sensor_1,2024-05-20 23:17:32.183470
48,sensor_1,2024-05-20 23:27:34.990718
48,sensor_1,2024-05-20 23:37:38.207172
48,sensor_1,2024-05-20 23:47:41.213744
48,sensor_1,2024-05-20 23:57:46.230499
48,sensor_1,2024-05-21 00:07:46.245746
48,sensor_1,2024-05-21 00:17:45.475384
48,sensor_1,2024-05-21 00:27:51.245201
48,sensor_1,2024-05-21 00:37:50.659874
48,sensor_1,2024-05-21 00:47:54.942068
48,sensor_1,2024-05-21 00:57:59.268637
48,sensor_1,2024-05-21 01:08:03.609741
48,sensor_1,2024-05-21 01:18:07.874657
48,sensor_1,2024-05-21 01:28:12.031100
48,sensor_1,2024-05-21 01:38:16.197686
48,sensor_1,2024-05-21 01:48:20.396815
48,sensor_1,2024-05-21 01:58:24.550603
48,sensor_1,2024-05-21 02:08:28.712189
48,sensor_1,2024-05-21 02:18:32.864038
48,sensor_1,2024-05-21 02:28:36.998279
48,sensor_1,2024-05-21 02:38:41.178193
48,sensor_1,2024-05-21 02:48:47.359076
48,sensor_1,2024-05-21 02:58:46.639680
48,sensor_1,2024-05-21 03:08:50.883139
48,sensor_1,2024-05-21 03:18:55.023343
48,sensor_1,2024-05-21 03:28:59.208733
48,sensor_1,2024-05-21 03:39:03.454605
48,sensor_1,2024-05-21 03:49:07.795326
48,sensor_1,2024-05-21 03:59:12.286355
48,sensor_1,2024-05-21 04:09:16.743006
48,sensor_1,2024-05-21 04:19:21.244105
48,sensor_1,2024-05-21 04:29:25.756950
48,sensor_1,2024-05-21 04:39:30.245616
48,sensor_1,2024-05-21 04:49:34.710726
48,sensor_1,2024-05-21 04:59:39.208724
48,sensor_1,2024-05-21 05:09:46.751084
48,sensor_1,2024-05-21 05:19:46.274021
48,sensor_1,2024-05-21 05:29:50.696553
48,sensor_1,2024-05-21 05:39:55.170596
48,sensor_1,2024-05-21 05:49:59.652938
48,sensor_1,2024-05-21 06:00:04.516913
48,sensor_1,2024-05-21 06:10:12.531206
48,sensor_1,2024-05-21 06:20:12.588116
48,sensor_1,2024-05-21 06:30:12.511743
48,sensor_1,2024-05-21 06:40:16.975998
48,sensor_1,2024-05-21 06:50:21.437555
48,sensor_1,2024-05-21 07:00:25.886152
48,sensor_1,2024-05-21 07:10:30.350236
48,sensor_1,2024-05-21 07:20:34.773831
48,sensor_1,2024-05-21 07:30:39.261142
48,sensor_1,2024-05-21 07:40:43.691797
48,sensor_1,2024-05-21 07:50:48.592722
48,sensor_1,2024-05-21 08:00:53.048294
48,sensor_1,2024-05-21 08:10:58.705570
48,sensor_1,2024-05-21 08:20:58.263684
48,sensor_1,2024-05-21 08:31:02.811908
48,sensor_1,2024-05-21 08:41:07.246276
48,sensor_1,2024-05-21 08:51:11.595371
48,sensor_1,2024-05-21 09:01:16.048035
48,sensor_1,2024-05-21 09:11:20.535198
48,sensor_1,2024-05-21 09:21:25.647023
48,sensor_1,2024-05-21 09:31:25.217606
48,sensor_1,2024-05-21 09:41:30.678672
48,sensor_1,2024-05-21 09:51:29.956620
48,sensor_1,2024-05-21 10:01:34.382438
48,sensor_1,2024-05-21 10:11:38.707077
48,sensor_1,2024-05-21 10:21:42.969067
48,sensor_1,2024-05-21 10:31:47.285782
48,sensor_1,2024-05-21 10:41:51.577656
48,sensor_1,2024-05-21 10:51:55.388191
48,sensor_1,2024-05-21 11:01:58.361643
48,sensor_1,2024-05-21 11:12:02.177917
48,sensor_1,2024-05-21 11:22:06.464580
48,sensor_1,2024-05-21 11:32:10.745673
48,sensor_1,2024-05-21 11:42:15.090108
48,sensor_1,2024-05-21 11:52:19.391547
48,sensor_1,2024-05-21 12:02:23.661549
48,sensor_1,2024-05-21 12:12:27.937186
48,sensor_1,2024-05-21 12:22:32.200350
48,sensor_1,2024-05-21 12:32:36.336267
48,sensor_1,2024-05-21 12:42:40.492593
48,sensor_1,2024-05-21 12:52:44.716093
48,sensor_1,2024-05-21 13:02:48.960405
48,sensor_1,2024-05-21 13:12:53.204582
48,sensor_1,2024-05-21 13:22:57.367572
48,sensor_1,2024-05-21 13:33:01.563588
48,sensor_1,2024-05-21 13:43:05.759111
48,sensor_1,2024-05-21 13:53:09.968112
48,sensor_1,2024-05-21 14:03:14.097374
48,sensor_1,2024-05-21 14:13:18.856567
48,sensor_1,2024-05-21 14:23:23.131125
48,sensor_1,2024-05-21 14:33:27.293551
48,sensor_1,2024-05-21 14:43:31.462886
48,sensor_1,2024-05-21 14:53:35.754501
48,sensor_1,2024-05-21 15:03:39.886160
48,sensor_1,2024-05-21 15:13:44.034711
48,sensor_1,2024-05-21 15:23:48.218561
48,sensor_1,2024-05-21 15:33:52.557073
48,sensor_1,2024-05-21 15:43:56.931179
48,sensor_1,2024-05-21 15:54:01.350241
48,sensor_1,2024-05-21 16:04:05.778504
48,sensor_1,2024-05-21 16:14:10.226337
48,sensor_1,2024-05-21 16:24:14.676930
48,sensor_1,2024-05-21 16:34:19.165447
48,sensor_1,2024-05-21 16:44:23.720581
48,sensor_1,2024-05-21 16:54:28.977723
48,sensor_1,2024-05-21 17:04:28.575209
48,sensor_1,2024-05-21 17:14:32.828554
48,sensor_1,2024-05-21 17:24:37.332795
48,sensor_1,2024-05-21 17:34:42.008511
48,sensor_1,2024-05-21 17:44:46.330383
48,sensor_1,2024-05-21 17:54:50.259664
48,sensor_1,2024-05-21 18:04:54.019895
48,sensor_1,2024-05-21 18:14:57.967871
48,sensor_1,2024-05-21 18:25:01.801422
48,sensor_1,2024-05-21 18:35:05.696450
53,sensor_1,2024-05-21 18:45:09.770736
51,sensor_1,2024-05-21 18:55:13.797172
50,sensor_1,2024-05-21 19:05:17.780429
50,sensor_1,2024-05-21 19:15:21.676511
50,sensor_1,2024-05-21 19:25:25.539606
50,sensor_1,2024-05-21 19:35:29.396855
50,sensor_1,2024-05-21 19:45:33.279429
49,sensor_1,2024-05-21 19:55:37.132832
49,sensor_1,2024-05-21 20:05:41.018087
49,sensor_1,2024-05-21 20:15:44.905089
49,sensor_1,2024-05-21 20:25:48.816690
49,sensor_1,2024-05-21 20:35:52.628808
49,sensor_1,2024-05-21 20:45:56.134115
49,sensor_1,2024-05-21 20:55:59.867543
49,sensor_1,2024-05-21 21:06:02.734441
49,sensor_1,2024-05-21 21:16:05.695144
49,sensor_1,2024-05-21 21:26:09.221992
48,sensor_1,2024-05-21 21:36:12.270716
48,sensor_1,2024-05-21 21:46:15.618326
49,sensor_1,2024-05-21 21:56:18.675282
48,sensor_1,2024-05-21 22:06:21.521095
48,sensor_1,2024-05-21 22:16:24.234997
48,sensor_1,2024-05-21 22:26:26.947928
48,sensor_1,2024-05-21 22:36:29.646316
48,sensor_1,2024-05-21 22:46:32.357791
48,sensor_1,2024-05-21 22:56:35.834620
48,sensor_1,2024-05-21 23:06:39.946557
48,sensor_1,2024-05-21 23:16:43.945775
48,sensor_1,2024-05-21 23:26:46.910981
49,sensor_1,2024-05-21 23:36:49.728626
48,sensor_1,2024-05-21 23:46:53.278141
48,sensor_1,2024-05-21 23:56:56.147564
48,sensor_1,2024-05-22 00:06:58.994863
48,sensor_1,2024-05-22 00:17:01.817400
48,sensor_1,2024-05-22 00:27:04.682875
48,sensor_1,2024-05-22 00:37:07.460744
48,sensor_1,2024-05-22 00:47:10.259376
48,sensor_1,2024-05-22 00:57:13.036209
48,sensor_1,2024-05-22 01:07:15.734427
48,sensor_1,2024-05-22 01:17:19.405534
48,sensor_1,2024-05-22 01:27:22.138739
48,sensor_1,2024-05-22 01:37:24.939508
48,sensor_1,2024-05-22 01:47:27.786646
48,sensor_1,2024-05-22 01:57:30.644993
48,sensor_1,2024-05-22 02:07:33.538212
48,sensor_1,2024-05-22 02:17:37.371777
48,sensor_1,2024-05-22 02:27:40.262697
48,sensor_1,2024-05-22 02:37:43.042678
48,sensor_1,2024-05-22 02:47:45.746306
48,sensor_1,2024-05-22 02:57:48.165650
44,sensor_1,2024-05-22 03:07:51.391419
57,sensor_1,2024-05-23 23:23:49.497450
57,sensor_1,2024-05-23 23:23:55.039215
57,sensor_1,2024-05-23 23:24:00.599791
57,sensor_1,2024-05-23 23:24:06.170882
57,sensor_1,2024-05-23 23:24:11.798465
57,sensor_1,2024-05-23 23:24:17.360509
57,sensor_1,2024-05-23 23:24:22.957273
57,sensor_1,2024-05-23 23:24:28.531418
50,sensor_1,2024-05-24 00:39:03.873233
48,sensor_1,2024-05-24 00:49:26.455202
48,sensor_1,2024-05-24 00:59:48.845754
48,sensor_1,2024-05-24 01:10:06.979762
48,sensor_1,2024-05-24 01:20:34.599146
48,sensor_1,2024-05-24 01:30:28.946178
48,sensor_1,2024-05-24 01:40:51.323849
48,sensor_1,2024-05-24 14:40:17.978907
48,sensor_1,2024-05-24 14:50:16.740866
48,sensor_1,2024-05-24 15:00:39.566493
47,sensor_1,2024-05-24 15:42:08.026451
47,sensor_1,2024-05-24 15:52:05.829941
47,sensor_1,2024-05-24 16:02:27.585197
47,sensor_1,2024-05-24 16:12:49.840604
47,sensor_1,2024-05-24 16:23:11.246415
47,sensor_1,2024-05-24 16:33:33.850550
48,sensor_1,2024-05-24 16:43:55.304526
47,sensor_1,2024-05-24 16:54:16.776252
48,sensor_1,2024-05-24 17:04:38.184656
48,sensor_1,2024-05-24 17:14:59.587712
47,sensor_1,2024-05-24 17:25:20.981321
48,sensor_1,2024-05-24 17:35:42.409746
47,sensor_1,2024-05-24 17:46:03.847698
47,sensor_1,2024-05-24 17:56:26.924257
47,sensor_1,2024-05-24 18:06:48.521307
48,sensor_1,2024-05-24 18:17:09.940803
47,sensor_1,2024-05-24 18:27:31.343928
47,sensor_1,2024-05-24 18:37:52.627088
47,sensor_1,2024-05-24 18:48:13.895924
47,sensor_1,2024-05-24 18:58:35.120736
47,sensor_1,2024-05-24 19:08:56.389031
47,sensor_1,2024-05-24 19:19:17.670683
47,sensor_1,2024-05-24 19:29:39.016947
48,sensor_1,2024-05-24 19:40:00.447918
48,sensor_1,2024-05-24 19:50:21.877020
47,sensor_1,2024-05-24 20:00:43.315469
47,sensor_1,2024-05-24 20:11:04.739003
48,sensor_1,2024-05-24 20:21:26.194852
49,sensor_1,2024-05-24 21:32:07.066888
56,sensor_1,2024-05-24 21:42:28.840705
54,sensor_1,2024-05-24 21:52:51.093857
53,sensor_1,2024-05-24 22:03:15.067997
52,sensor_1,2024-05-24 22:13:13.117620
53,sensor_1,2024-05-24 22:23:34.857900
52,sensor_1,2024-05-24 22:33:56.626189
51,sensor_1,2024-05-24 22:44:21.705769
51,sensor_1,2024-05-24 22:54:33.569385
50,sensor_1,2024-05-24 23:04:36.873857
51,sensor_1,2024-05-24 23:14:31.371947
51,sensor_1,2024-05-24 23:24:53.983519
50,sensor_1,2024-05-24 23:35:16.048001
50,sensor_1,2024-05-24 23:45:53.200460
50,sensor_1,2024-05-25 00:06:05.572098
50,sensor_1,2024-05-25 00:16:17.541616
50,sensor_1,2024-05-25 00:21:35.514353
50,sensor_1,2024-05-25 00:26:18.569081
49,sensor_1,2024-05-25 00:36:46.434365
50,sensor_1,2024-05-25 00:57:03.877005
50,sensor_1,2024-05-25 01:03:08.015294
50,sensor_1,2024-05-25 01:07:01.256939
50,sensor_1,2024-05-25 01:17:29.616792
50,sensor_1,2024-05-25 01:27:33.056634
50,sensor_1,2024-05-25 01:37:31.271615
50,sensor_1,2024-05-25 01:48:04.429794
50,sensor_1,2024-05-25 01:57:58.900860
50,sensor_1,2024-05-25 02:08:34.575721
49,sensor_1,2024-05-25 02:18:33.561353
49,sensor_1,2024-05-25 02:28:36.603140
49,sensor_1,2024-05-25 02:38:44.590180
49,sensor_1,2024-05-25 02:48:49.901192
49,sensor_1,2024-05-25 02:58:52.298090
49,sensor_1,2024-05-25 03:09:12.606640
49,sensor_1,2024-05-25 03:19:33.947694
49,sensor_1,2024-05-25 03:30:03.424598
49,sensor_1,2024-05-25 03:40:03.512842
49,sensor_1,2024-05-25 03:50:05.159706
49,sensor_1,2024-05-25 04:00:10.870774
49,sensor_1,2024-05-25 04:10:08.535442
49,sensor_1,2024-05-25 04:20:32.907557
49,sensor_1,2024-05-25 04:30:33.459646
49,sensor_1,2024-05-25 04:40:30.930553
49,sensor_1,2024-05-25 04:50:54.840906
49,sensor_1,2024-05-25 05:00:55.630961
49,sensor_1,2024-05-25 05:10:53.113253
53,sensor_1,2024-05-25 09:59:24.571504
52,sensor_1,2024-05-25 10:09:45.659826
51,sensor_1,2024-05-25 10:20:06.838010
50,sensor_1,2024-05-25 10:30:27.998837
50,sensor_1,2024-05-25 10:40:49.174187
50,sensor_1,2024-05-25 10:51:10.395748
50,sensor_1,2024-05-25 11:01:31.558509
50,sensor_1,2024-05-25 11:11:53.129824
50,sensor_1,2024-05-25 11:22:14.326506
50,sensor_1,2024-05-25 11:32:35.511004
50,sensor_1,2024-05-25 11:42:56.677761
50,sensor_1,2024-05-25 11:53:17.823879
49,sensor_1,2024-05-25 12:03:39.020237
49,sensor_1,2024-05-25 12:14:00.176720
50,sensor_1,2024-05-25 12:24:21.355471
50,sensor_1,2024-05-25 12:34:42.517694
49,sensor_1,2024-05-25 12:45:03.674984
49,sensor_1,2024-05-25 12:55:26.147386
50,sensor_1,2024-05-25 13:05:48.280104
49,sensor_1,2024-05-25 13:16:09.393429
50,sensor_1,2024-05-25 13:26:30.644420
49,sensor_1,2024-05-25 13:36:51.765616
49,sensor_1,2024-05-25 13:47:13.029936
49,sensor_1,2024-05-25 13:57:34.236838
49,sensor_1,2024-05-26 10:51:34.936716
49,sensor_1,2024-05-26 11:01:55.338821
49,sensor_1,2024-05-26 11:12:15.779128
49,sensor_1,2024-05-26 11:22:36.912195
49,sensor_1,2024-05-26 11:32:57.308534
49,sensor_1,2024-05-26 11:43:17.746428
49,sensor_1,2024-05-26 11:53:39.875820
49,sensor_1,2024-05-26 12:04:00.244866
49,sensor_1,2024-05-26 12:14:21.888814
49,sensor_1,2024-05-26 12:24:42.361606
50,sensor_1,2024-05-26 12:35:02.804654
49,sensor_1,2024-05-26 12:45:23.259074
49,sensor_1,2024-05-26 12:55:43.693659
49,sensor_1,2024-05-26 13:06:04.105138
49,sensor_1,2024-05-26 13:16:24.510681
49,sensor_1,2024-05-26 13:26:44.959794
49,sensor_1,2024-05-26 13:37:05.305574
49,sensor_1,2024-05-26 13:47:25.936169
49,sensor_1,2024-05-26 13:57:46.445897
49,sensor_1,2024-05-26 14:08:07.048166
49,sensor_1,2024-05-26 14:18:27.613251
49,sensor_1,2024-05-26 14:28:48.323694
49,sensor_1,2024-05-26 14:39:09.018595
49,sensor_1,2024-05-26 14:49:29.629487
49,sensor_1,2024-05-26 14:59:50.109635
49,sensor_1,2024-05-26 15:10:10.462612
49,sensor_1,2024-05-26 15:20:30.682077
49,sensor_1,2024-05-26 15:30:51.196247
49,sensor_1,2024-05-26 15:41:11.850138
49,sensor_1,2024-05-26 15:51:32.423262
49,sensor_1,2024-05-26 16:01:53.087837
49,sensor_1,2024-05-26 16:12:13.494895
49,sensor_1,2024-05-26 16:22:33.912589
49,sensor_1,2024-05-26 16:32:54.181188
49,sensor_1,2024-05-26 16:43:14.377665
49,sensor_1,2024-05-26 16:53:34.749620
49,sensor_1,2024-05-26 17:03:55.106446
49,sensor_1,2024-05-26 17:14:15.550561
49,sensor_1,2024-05-26 17:24:36.089745
49,sensor_1,2024-05-26 17:34:56.511574
49,sensor_1,2024-05-26 17:45:16.946839
49,sensor_1,2024-05-26 17:55:37.237035
49,sensor_1,2024-05-26 18:05:57.687096
49,sensor_1,2024-05-26 18:16:18.091024
49,sensor_1,2024-05-26 18:26:38.365701
49,sensor_1,2024-05-26 18:36:58.544777
49,sensor_1,2024-05-26 18:47:18.752093
49,sensor_1,2024-05-26 18:57:39.106747
49,sensor_1,2024-05-26 19:07:59.550679
49,sensor_1,2024-05-26 19:18:19.953083
49,sensor_1,2024-05-26 19:28:40.451790
49,sensor_1,2024-05-26 19:39:00.908145
49,sensor_1,2024-05-26 19:49:21.327689
49,sensor_1,2024-05-26 19:59:41.708451
49,sensor_1,2024-05-26 20:10:02.254808
49,sensor_1,2024-05-26 20:20:22.878241
49,sensor_1,2024-05-26 20:30:43.394272
49,sensor_1,2024-05-26 20:41:03.816757
49,sensor_1,2024-05-26 20:51:24.291526
49,sensor_1,2024-05-26 21:01:44.710963
49,sensor_1,2024-05-26 21:12:05.132755
49,sensor_1,2024-05-26 21:22:26.052926
49,sensor_1,2024-05-26 21:32:47.289176
49,sensor_1,2024-05-26 21:43:08.204847
49,sensor_1,2024-05-26 21:53:29.086497
49,sensor_1,2024-05-26 22:03:49.998890
49,sensor_1,2024-05-26 22:14:10.929596
49,sensor_1,2024-05-26 22:24:31.806091
49,sensor_1,2024-05-26 22:34:52.594617
49,sensor_1,2024-05-26 22:45:13.407273
49,sensor_1,2024-05-26 22:55:34.388715
49,sensor_1,2024-05-26 23:05:56.348261
49,sensor_1,2024-05-26 23:16:19.795099
49,sensor_1,2024-05-26 23:26:44.199183
49,sensor_1,2024-05-26 23:36:48.465903
49,sensor_1,2024-05-26 23:46:49.132841
49,sensor_1,2024-05-26 23:56:48.828515
49,sensor_1,2024-05-27 00:07:10.413182
49,sensor_1,2024-05-27 00:17:31.284033
49,sensor_1,2024-05-27 00:27:52.155628
49,sensor_1,2024-05-27 00:38:14.434824
49,sensor_1,2024-05-27 00:48:35.579432
49,sensor_1,2024-05-27 00:58:56.394163
49,sensor_1,2024-05-27 01:09:19.236576
49,sensor_1,2024-05-27 01:19:56.472634
49,sensor_1,2024-05-27 01:29:51.966267
49,sensor_1,2024-05-27 01:39:59.929439
49,sensor_1,2024-05-27 01:49:58.140210
49,sensor_1,2024-05-27 02:00:19.101313
49,sensor_1,2024-05-27 02:10:40.146738
49,sensor_1,2024-05-27 02:21:01.112586
49,sensor_1,2024-05-27 02:31:22.025345
49,sensor_1,2024-05-27 02:41:42.814864
49,sensor_1,2024-05-27 02:52:03.517312
49,sensor_1,2024-05-27 03:02:24.357873
49,sensor_1,2024-05-27 03:12:45.450233
49,sensor_1,2024-05-27 03:23:06.455278
49,sensor_1,2024-05-27 03:33:27.433959
49,sensor_1,2024-05-27 03:43:48.461288
49,sensor_1,2024-05-27 03:54:09.413748
49,sensor_1,2024-05-27 04:04:30.239263
49,sensor_1,2024-05-27 04:14:51.029046
49,sensor_1,2024-05-27 04:25:11.842170
49,sensor_1,2024-05-27 04:35:32.687407
49,sensor_1,2024-05-27 04:45:53.544503
49,sensor_1,2024-05-27 04:56:14.384015
49,sensor_1,2024-05-27 05:06:35.160102
49,sensor_1,2024-05-27 05:16:55.948200
49,sensor_1,2024-05-27 05:27:16.768937
49,sensor_1,2024-05-27 05:37:37.587230
49,sensor_1,2024-05-27 05:47:58.419677
49,sensor_1,2024-05-27 05:58:19.225290
49,sensor_1,2024-05-27 06:08:40.063265
49,sensor_1,2024-05-27 06:19:00.892645
49,sensor_1,2024-05-27 06:29:21.671898
49,sensor_1,2024-05-27 06:39:42.447384
49,sensor_1,2024-05-27 06:50:03.215686
49,sensor_1,2024-05-27 07:00:23.986076
49,sensor_1,2024-05-27 07:10:44.767484
49,sensor_1,2024-05-27 07:21:05.569113
49,sensor_1,2024-05-27 07:31:26.315692
49,sensor_1,2024-05-27 07:41:47.058976
49,sensor_1,2024-05-27 07:52:07.830558
49,sensor_1,2024-05-27 08:02:28.615471
49,sensor_1,2024-05-27 08:12:49.384302
49,sensor_1,2024-05-27 08:23:10.200827
49,sensor_1,2024-05-27 08:33:30.924315
49,sensor_1,2024-05-27 08:43:51.765156
49,sensor_1,2024-05-27 08:54:12.685834
49,sensor_1,2024-05-27 09:04:33.649708
49,sensor_1,2024-05-27 09:14:54.632305
49,sensor_1,2024-05-27 09:25:15.623552
49,sensor_1,2024-05-27 09:35:36.599772
49,sensor_1,2024-05-27 09:45:57.462596
49,sensor_1,2024-05-27 09:56:18.304425
49,sensor_1,2024-05-27 10:06:39.105347
49,sensor_1,2024-05-27 10:17:00.859188
49,sensor_1,2024-05-27 10:27:21.851435
49,sensor_1,2024-05-27 10:37:42.830451
49,sensor_1,2024-05-27 10:48:03.807018
49,sensor_1,2024-05-27 10:58:24.710559
49,sensor_1,2024-05-27 11:08:45.621365
49,sensor_1,2024-05-27 11:19:06.558431
49,sensor_1,2024-05-27 11:29:27.509024
49,sensor_1,2024-05-27 11:39:48.385035
50,sensor_1,2024-05-27 11:50:09.187238
49,sensor_1,2024-05-27 12:00:30.051492
49,sensor_1,2024-05-27 12:10:51.046824
49,sensor_1,2024-05-27 12:21:12.051177
49,sensor_1,2024-05-27 12:31:33.072235
49,sensor_1,2024-05-27 12:41:54.050627
49,sensor_1,2024-05-27 12:52:14.837172
49,sensor_1,2024-05-27 13:02:35.751495
50,sensor_1,2024-05-27 13:12:56.750823
49,sensor_1,2024-05-27 13:23:17.734607
49,sensor_1,2024-05-27 13:33:38.633742
49,sensor_1,2024-05-27 13:43:59.511203
49,sensor_1,2024-05-27 13:54:20.529239
49,sensor_1,2024-05-27 14:04:41.590992
49,sensor_1,2024-05-27 14:15:02.591295
49,sensor_1,2024-05-27 14:25:23.579012
49,sensor_1,2024-05-27 14:35:44.619305
49,sensor_1,2024-05-27 14:46:05.617280
49,sensor_1,2024-05-27 14:56:26.504930
49,sensor_1,2024-05-27 15:06:47.356005
49,sensor_1,2024-05-27 15:17:08.192529
49,sensor_1,2024-05-27 15:27:28.940637
49,sensor_1,2024-05-27 15:37:49.544002
49,sensor_1,2024-05-27 15:48:10.215154
49,sensor_1,2024-05-27 15:58:31.095776
50,sensor_1,2024-05-27 16:08:51.958015
49,sensor_1,2024-05-27 16:19:12.786571
49,sensor_1,2024-05-27 16:29:33.397612
49,sensor_1,2024-05-27 16:39:54.026732
50,sensor_1,2024-05-27 16:50:14.811963
49,sensor_1,2024-05-27 17:00:35.567843
50,sensor_1,2024-05-27 17:10:56.478842
50,sensor_1,2024-05-27 17:21:17.405845
50,sensor_1,2024-05-27 17:31:38.323592
50,sensor_1,2024-05-27 17:41:59.222930
49,sensor_1,2024-05-27 17:52:20.076465
49,sensor_1,2024-05-27 18:02:40.917742
49,sensor_1,2024-05-27 18:13:01.818009
49,sensor_1,2024-05-27 18:23:22.784009
49,sensor_1,2024-05-27 18:33:43.672086
49,sensor_1,2024-05-27 18:44:04.518440
49,sensor_1,2024-05-27 18:54:25.427642
49,sensor_1,2024-05-27 19:04:46.297600
50,sensor_1,2024-05-27 19:15:07.203794
49,sensor_1,2024-05-27 19:25:28.109000
49,sensor_1,2024-05-27 19:35:49.030747
50,sensor_1,2024-05-27 19:46:09.958031
50,sensor_1,2024-05-27 19:56:30.896087
49,sensor_1,2024-05-27 20:06:51.815057
49,sensor_1,2024-05-27 20:17:12.785350
49,sensor_1,2024-05-27 20:27:33.728102
49,sensor_1,2024-05-27 20:37:54.665695
49,sensor_1,2024-05-27 20:48:15.617471
49,sensor_1,2024-05-27 20:58:36.535496
49,sensor_1,2024-05-27 21:08:57.477115
49,sensor_1,2024-05-27 21:19:18.347223
49,sensor_1,2024-05-27 21:29:39.156640
49,sensor_1,2024-05-27 21:39:59.938087
49,sensor_1,2024-05-27 21:50:20.698267
49,sensor_1,2024-05-27 22:00:41.478266
49,sensor_1,2024-05-27 22:11:03.400048
49,sensor_1,2024-05-27 22:21:24.323771
50,sensor_1,2024-05-27 22:31:45.351876
49,sensor_1,2024-05-27 22:42:06.294355
50,sensor_1,2024-05-27 22:52:27.270738
49,sensor_1,2024-05-27 23:02:48.152757
49,sensor_1,2024-05-27 23:13:09.001289
49,sensor_1,2024-05-27 23:23:29.831041
49,sensor_1,2024-05-27 23:33:50.716228
50,sensor_1,2024-05-27 23:44:11.588761
49,sensor_1,2024-05-27 23:54:32.484570
49,sensor_1,2024-05-28 00:04:53.346946
49,sensor_1,2024-05-28 00:15:14.239778
50,sensor_1,2024-05-28 00:25:35.107020
50,sensor_1,2024-05-28 00:35:55.977213
49,sensor_1,2024-05-28 00:46:16.798895
49,sensor_1,2024-05-28 00:56:37.516841
49,sensor_1,2024-05-28 01:06:58.295171
50,sensor_1,2024-05-28 01:17:19.016156
50,sensor_1,2024-05-28 01:27:39.754078
49,sensor_1,2024-05-28 01:38:00.477844
49,sensor_1,2024-05-28 01:48:22.562961
49,sensor_1,2024-05-28 01:58:43.537314
49,sensor_1,2024-05-28 02:09:04.250235
49,sensor_1,2024-05-28 02:19:24.977081
49,sensor_1,2024-05-28 02:29:45.705096
49,sensor_1,2024-05-28 02:40:06.400713
49,sensor_1,2024-05-28 02:50:27.110929
49,sensor_1,2024-05-28 03:00:47.907487
50,sensor_1,2024-05-28 03:11:08.619593
49,sensor_1,2024-05-28 03:21:29.664626
49,sensor_1,2024-05-28 03:31:50.410691
49,sensor_1,2024-05-28 03:42:11.140800
49,sensor_1,2024-05-28 03:52:31.918854
49,sensor_1,2024-05-28 04:02:52.646431
49,sensor_1,2024-05-28 04:13:13.649055
49,sensor_1,2024-05-28 04:23:34.400376
49,sensor_1,2024-05-28 04:33:55.114260
49,sensor_1,2024-05-28 04:44:16.671820
49,sensor_1,2024-05-28 04:54:37.431335
49,sensor_1,2024-05-28 05:04:59.749115
49,sensor_1,2024-05-28 05:15:20.487098
49,sensor_1,2024-05-28 05:25:41.215791
49,sensor_1,2024-05-28 05:36:01.959931
49,sensor_1,2024-05-28 05:46:22.665680
49,sensor_1,2024-05-28 05:56:43.396384
49,sensor_1,2024-05-28 06:07:04.181609
49,sensor_1,2024-05-28 06:17:24.911159
49,sensor_1,2024-05-28 06:27:45.647756
50,sensor_1,2024-05-28 06:38:06.406603
49,sensor_1,2024-05-28 06:48:27.128805
49,sensor_1,2024-05-28 06:58:47.871787
49,sensor_1,2024-05-28 07:09:08.601878
49,sensor_1,2024-05-28 07:19:29.293967
49,sensor_1,2024-05-28 07:29:50.032654
49,sensor_1,2024-05-28 07:40:10.782874
49,sensor_1,2024-05-28 07:50:31.901156
49,sensor_1,2024-05-28 08:00:52.604499
49,sensor_1,2024-05-28 08:11:13.301426
49,sensor_1,2024-05-28 08:21:34.003604
49,sensor_1,2024-05-28 08:31:55.805303
49,sensor_1,2024-05-28 08:42:16.524886
49,sensor_1,2024-05-28 08:52:37.839683
49,sensor_1,2024-05-28 09:02:59.894726
49,sensor_1,2024-05-28 09:13:20.652761
49,sensor_1,2024-05-28 09:23:41.448971
49,sensor_1,2024-05-28 09:34:02.327296
49,sensor_1,2024-05-28 09:44:23.902589
49,sensor_1,2024-05-28 09:54:44.840923
49,sensor_1,2024-05-28 10:05:05.689624
49,sensor_1,2024-05-28 10:15:26.914933
49,sensor_1,2024-05-28 10:25:47.836600
49,sensor_1,2024-05-28 10:36:08.899455
50,sensor_1,2024-05-28 10:46:29.823823
49,sensor_1,2024-05-28 10:56:50.664749
49,sensor_1,2024-05-28 11:07:11.498912
49,sensor_1,2024-05-28 11:17:33.986588
49,sensor_1,2024-05-28 11:27:54.645251
50,sensor_1,2024-05-28 11:38:15.292810
49,sensor_1,2024-05-28 11:48:35.959771
49,sensor_1,2024-05-28 11:58:56.629064
49,sensor_1,2024-05-28 12:09:17.335298
49,sensor_1,2024-05-28 12:19:38.060224
49,sensor_1,2024-05-28 12:29:58.790147
49,sensor_1,2024-05-28 12:40:19.630562
49,sensor_1,2024-05-28 12:50:40.483213
49,sensor_1,2024-05-28 13:01:01.360528
50,sensor_1,2024-05-28 13:11:22.148259
50,sensor_1,2024-05-28 13:21:42.958399
50,sensor_1,2024-05-28 13:32:04.056825
50,sensor_1,2024-05-28 13:42:24.791422
50,sensor_1,2024-05-28 13:52:45.413204
50,sensor_1,2024-05-28 14:03:06.238485
50,sensor_1,2024-05-28 14:13:27.188077
50,sensor_1,2024-05-28 14:23:48.008415
50,sensor_1,2024-05-28 14:34:08.891921
50,sensor_1,2024-05-28 14:44:29.752389
50,sensor_1,2024-05-28 14:54:51.151732
50,sensor_1,2024-05-28 15:05:12.087609
50,sensor_1,2024-05-28 15:15:33.098264
50,sensor_1,2024-05-28 15:25:53.854462
50,sensor_1,2024-05-28 15:36:15.115066
50,sensor_1,2024-05-28 15:46:37.117701
50,sensor_1,2024-05-28 15:56:58.082678
50,sensor_1,2024-05-28 16:07:19.091498
50,sensor_1,2024-05-28 16:17:42.147302
50,sensor_1,2024-05-28 16:28:02.955643
50,sensor_1,2024-05-28 16:38:23.660452
50,sensor_1,2024-05-28 16:48:47.200020
50,sensor_1,2024-05-28 16:59:08.077346
50,sensor_1,2024-05-28 17:09:28.985754
50,sensor_1,2024-05-28 17:19:50.226222
50,sensor_1,2024-05-28 17:30:11.112222
50,sensor_1,2024-05-28 17:40:31.963446
50,sensor_1,2024-05-28 17:50:53.247826
50,sensor_1,2024-05-28 18:01:14.218214
50,sensor_1,2024-05-28 18:11:34.947585
50,sensor_1,2024-05-28 18:21:55.740523
50,sensor_1,2024-05-28 18:32:16.520357
50,sensor_1,2024-05-28 18:42:37.334703
50,sensor_1,2024-05-28 18:52:58.158080
50,sensor_1,2024-05-28 19:03:18.210508
50,sensor_1,2024-05-28 19:13:40.141593
50,sensor_1,2024-05-28 19:24:00.959179
50,sensor_1,2024-05-28 19:34:21.073658
50,sensor_1,2024-05-28 19:44:42.574590
50,sensor_1,2024-05-28 19:55:05.541751
50,sensor_1,2024-05-28 20:05:26.853743
50,sensor_1,2024-05-28 20:15:48.331182
50,sensor_1,2024-05-28 20:26:08.300129
50,sensor_1,2024-05-28 20:36:29.163406
50,sensor_1,2024-05-28 20:46:49.839616
50,sensor_1,2024-05-28 20:57:10.669007
50,sensor_1,2024-05-28 21:07:32.374149
50,sensor_1,2024-05-28 21:17:53.104975
50,sensor_1,2024-05-28 21:28:13.659470
50,sensor_1,2024-05-28 21:38:34.425021
50,sensor_1,2024-05-28 21:48:55.321724
50,sensor_1,2024-05-28 21:59:17.379799
50,sensor_1,2024-05-28 23:51:18.080029
50,sensor_1,2024-05-29 00:01:38.479537
50,sensor_1,2024-05-29 00:11:59.445370
50,sensor_1,2024-05-29 00:22:19.900152
50,sensor_1,2024-05-29 00:32:40.468559
50,sensor_1,2024-05-29 00:43:00.945464
50,sensor_1,2024-05-29 00:53:21.311561
50,sensor_1,2024-05-29 01:03:41.805924
50,sensor_1,2024-05-29 01:14:02.263209
50,sensor_1,2024-05-29 01:24:22.687753
50,sensor_1,2024-05-29 01:34:43.471479
50,sensor_1,2024-05-29 01:45:03.980178
50,sensor_1,2024-05-29 01:55:24.603579
50,sensor_1,2024-05-29 02:05:45.340680
50,sensor_1,2024-05-29 02:16:06.018312
50,sensor_1,2024-05-29 02:26:26.702678
50,sensor_1,2024-05-29 02:36:47.399631
50,sensor_1,2024-05-29 02:47:08.226614
